Product Name,Product Url
"iPhone 16 128 GB: 5G Mobile Phone with Camera Control, A18 Chip and a Big Boost in Battery Life. Works with AirPods; White",https://www.amazon.in/iPhone-16-128-GB-Control/dp/B0DGHZWBYB/ref=sr_1_3?crid=2QVDK45KZP4DJ&dib=eyJ2IjoiMSJ9.8Qku20ouRKY_O5lOxrNkCIIRwuNVKVQDLJC_BZ-vl2GV_Bi6H6L0hOltb_8d5obdFU2pvlZNVkBCXqrwfGcoEEQiKzdeDMmH4e0DYH4pvKyif5bLBN3vtL1pG31-3DucLiWloTMo6J4N5hDmFiEip7-8gRYImIlFUs38qZNpNqGYAfwwHkfKCj9Kn7d1y4t0AwXlgqIV-RtZRyL3k2c_QMo5wc4yErw2kcyMCGEmhmI.dA7waso25JZbXw0Zoa-xwbpa4uwdCDvxPqYcCQX1Q-8&dib_tag=se&keywords=iPhone&qid=1790451403&sprefix=iphone%2Caps%2C275&sr=8-3
"iPhone 17e 256 GB: 15.40 cm (6.1″) Super Retina XDR Display, A19 Chip, All-Day Battery Life, 48MP Fusion Camera, 256GB Starting Storage; White",https://www.amazon.in/Apple-iPhone-17e-256-GB/dp/B0GQW31KLK/ref=sr_1_4?crid=2QVDK45KZP4DJ&dib=eyJ2IjoiMSJ9.8Qku20ouRKY_O5lOxrNkCIIRwuNVKVQDLJC_BZ-vl2GV_Bi6H6L0hOltb_8d5obdFU2pvlZNVkBCXqrwfGcoEEQiKzdeDMmH4e0DYH4pvKyif5bLBN3vtL1pG31-3DucLiWloTMo6J4N5hDmFiEip7-8gRYImIlFUs38qZNpNqGYAfwwHkfKCj9Kn7d1y4t0AwXlgqIV-RtZRyL3k2c_QMo5wc4yErw2kcyMCGEmhmI.dA7waso25JZbXw0Zoa-xwbpa4uwdCDvxPqYcCQX1Q-8&dib_tag=se&keywords=iPhone&qid=1790451403&sprefix=iphone%2Caps%2C275&sr=8-4
"iPhone 17 256 GB: 15.93 cm (6.3″) Display with Promotion, A19 Chip, Center Stage Front Camera for Smarter Group Selfies, Improved Scratch Resistance, All-Day Battery Life; Lavender",https://www.amazon.in/iPhone-17-256-Promotion-Resistance/dp/B0FQF9ZY2X/ref=sr_1_5?crid=2QVDK45KZP4DJ&dib=eyJ2IjoiMSJ9.8Qku20ouRKY_O5lOxrNkCIIRwuNVKVQDLJC_BZ-vl2GV_Bi6H6L0hOltb_8d5obdFU2pvlZNVkBCXqrwfGcoEEQiKzdeDMmH4e0DYH4pvKyif5bLBN3vtL1pG31-3DucLiWloTMo6J4N5hDmFiEip7-8gRYImIlFUs38qZNpNqGYAfwwHkfKCj9Kn7d1y4t0AwXlgqIV-RtZRyL3k2c_QMo5wc4yErw2kcyMCGEmhmI.dA7waso25JZbXw0Zoa-xwbpa4uwdCDvxPqYcCQX1Q-8&dib_tag=se&keywords=iPhone&qid=1790451403&sprefix=iphone%2Caps%2C275&sr=8-5
iPhone 18 Pro (256 GB) - Glacier,https://www.amazon.in/iPhone-18-Pro-256-GB/dp/B0HJB3HXRB/ref=sr_1_6?crid=2QVDK45KZP4DJ&dib=eyJ2IjoiMSJ9.8Qku20ouRKY_O5lOxrNkCIIRwuNVKVQDLJC_BZ-vl2GV_Bi6H6L0hOltb_8d5obdFU2pvlZNVkBCXqrwfGcoEEQiKzdeDMmH4e0DYH4pvKyif5bLBN3vtL1pG31-3DucLiWloTMo6J4N5hDmFiEip7-8gRYImIlFUs38qZNpNqGYAfwwHkfKCj9Kn7d1y4t0AwXlgqIV-RtZRyL3k2c_QMo5wc4yErw2kcyMCGEmhmI.dA7waso25JZbXw0Zoa-xwbpa4uwdCDvxPqYcCQX1Q-8&dib_tag=se&keywords=iPhone&qid=1790451403&sprefix=iphone%2Caps%2C275&sr=8-6
"iPhone 16e 128 GB: Built for Apple Intelligence, A18 Chip, Supersized Battery Life, 48MP Fusion. Camera, 15.40 cm (6.1″) Super Retina XDR Display; White",https://www.amazon.in/iPhone-16e-128-Intelligence-Supersized/dp/B0DXQHMRCP/ref=sr_1_7?crid=2QVDK45KZP4DJ&dib=eyJ2IjoiMSJ9.8Qku20ouRKY_O5lOxrNkCIIRwuNVKVQDLJC_BZ-vl2GV_Bi6H6L0hOltb_8d5obdFU2pvlZNVkBCXqrwfGcoEEQiKzdeDMmH4e0DYH4pvKyif5bLBN3vtL1pG31-3DucLiWloTMo6J4N5hDmFiEip7-8gRYImIlFUs38qZNpNqGYAfwwHkfKCj9Kn7d1y4t0AwXlgqIV-RtZRyL3k2c_QMo5wc4yErw2kcyMCGEmhmI.dA7waso25JZbXw0Zoa-xwbpa4uwdCDvxPqYcCQX1Q-8&dib_tag=se&keywords=iPhone&qid=1790451403&sprefix=iphone%2Caps%2C275&sr=8-7
iPhone Air (256 GB) - Light Gold,https://www.amazon.in/iPhone-Air-256-GB-Promotion/dp/B0FQFTV1NP/ref=sr_1_8?crid=2QVDK45KZP4DJ&dib=eyJ2IjoiMSJ9.8Qku20ouRKY_O5lOxrNkCIIRwuNVKVQDLJC_BZ-vl2GV_Bi6H6L0hOltb_8d5obdFU2pvlZNVkBCXqrwfGcoEEQiKzdeDMmH4e0DYH4pvKyif5bLBN3vtL1pG31-3DucLiWloTMo6J4N5hDmFiEip7-8gRYImIlFUs38qZNpNqGYAfwwHkfKCj9Kn7d1y4t0AwXlgqIV-RtZRyL3k2c_QMo5wc4yErw2kcyMCGEmhmI.dA7waso25JZbXw0Zoa-xwbpa4uwdCDvxPqYcCQX1Q-8&dib_tag=se&keywords=iPhone&qid=1790451403&sprefix=iphone%2Caps%2C275&sr=8-8
iPhone 18 Pro Max (256 GB) - Silver,https://www.amazon.in/iPhone-18-Pro-Max-256/dp/B0HJB6KG27/ref=sr_1_9?crid=2QVDK45KZP4DJ&dib=eyJ2IjoiMSJ9.8Qku20ouRKY_O5lOxrNkCIIRwuNVKVQDLJC_BZ-vl2GV_Bi6H6L0hOltb_8d5obdFU2pvlZNVkBCXqrwfGcoEEQiKzdeDMmH4e0DYH4pvKyif5bLBN3vtL1pG31-3DucLiWloTMo6J4N5hDmFiEip7-8gRYImIlFUs38qZNpNqGYAfwwHkfKCj9Kn7d1y4t0AwXlgqIV-RtZRyL3k2c_QMo5wc4yErw2kcyMCGEmhmI.dA7waso25JZbXw0Zoa-xwbpa4uwdCDvxPqYcCQX1Q-8&dib_tag=se&keywords=iPhone&qid=1790451403&sprefix=iphone%2Caps%2C275&sr=8-9
"iPhone 17e 512 GB: 15.40 cm (6.1″) Super Retina XDR Display, A19 Chip, All-Day Battery Life, 48MP Fusion Camera, 256GB Starting Storage; Black",https://www.amazon.in/Apple-iPhone-17e-512-GB/dp/B0GQVJCHGD/ref=sr_1_10?crid=2QVDK45KZP4DJ&dib=eyJ2IjoiMSJ9.8Qku20ouRKY_O5lOxrNkCIIRwuNVKVQDLJC_BZ-vl2GV_Bi6H6L0hOltb_8d5obdFU2pvlZNVkBCXqrwfGcoEEQiKzdeDMmH4e0DYH4pvKyif5bLBN3vtL1pG31-3DucLiWloTMo6J4N5hDmFiEip7-8gRYImIlFUs38qZNpNqGYAfwwHkfKCj9Kn7d1y4t0AwXlgqIV-RtZRyL3k2c_QMo5wc4yErw2kcyMCGEmhmI.dA7waso25JZbXw0Zoa-xwbpa4uwdCDvxPqYcCQX1Q-8&dib_tag=se&keywords=iPhone&qid=1790451403&sprefix=iphone%2Caps%2C275&sr=8-10
iPhone 18 Pro (256 GB) - Burgundy,https://www.amazon.in/iPhone-18-Pro-256-GB/dp/B0HJ9W3ZND/ref=sr_1_11?crid=2QVDK45KZP4DJ&dib=eyJ2IjoiMSJ9.8Qku20ouRKY_O5lOxrNkCIIRwuNVKVQDLJC_BZ-vl2GV_Bi6H6L0hOltb_8d5obdFU2pvlZNVkBCXqrwfGcoEEQiKzdeDMmH4e0DYH4pvKyif5bLBN3vtL1pG31-3DucLiWloTMo6J4N5hDmFiEip7-8gRYImIlFUs38qZNpNqGYAfwwHkfKCj9Kn7d1y4t0AwXlgqIV-RtZRyL3k2c_QMo5wc4yErw2kcyMCGEmhmI.dA7waso25JZbXw0Zoa-xwbpa4uwdCDvxPqYcCQX1Q-8&dib_tag=se&keywords=iPhone&qid=1790451403&sprefix=iphone%2Caps%2C275&sr=8-11
iPhone 18 Pro (1 TB) - Burgundy,https://www.amazon.in/iPhone-18-Pro-TB-Burgundy/dp/B0HJB696TW/ref=sr_1_12?crid=2QVDK45KZP4DJ&dib=eyJ2IjoiMSJ9.8Qku20ouRKY_O5lOxrNkCIIRwuNVKVQDLJC_BZ-vl2GV_Bi6H6L0hOltb_8d5obdFU2pvlZNVkBCXqrwfGcoEEQiKzdeDMmH4e0DYH4pvKyif5bLBN3vtL1pG31-3DucLiWloTMo6J4N5hDmFiEip7-8gRYImIlFUs38qZNpNqGYAfwwHkfKCj9Kn7d1y4t0AwXlgqIV-RtZRyL3k2c_QMo5wc4yErw2kcyMCGEmhmI.dA7waso25JZbXw0Zoa-xwbpa4uwdCDvxPqYcCQX1Q-8&dib_tag=se&keywords=iPhone&qid=1790451403&sprefix=iphone%2Caps%2C275&sr=8-12
"Galaxy S25 Ultra 5G AI Smartphone (Titanium Whitesilver, 12GB RAM, 256GB Storage), 200MP Camera, 5000mAh Ultra Long Battery, QHD+ Dynamic AMOLED 2X, Galaxy AI, Knox Security, S Pen Included",https://www.amazon.in/Samsung-Smartphone-Whitesilver-Snapdragon-ProVisual/dp/B0DSKL9MQ8/ref=sr_1_13?crid=2QVDK45KZP4DJ&dib=eyJ2IjoiMSJ9.8Qku20ouRKY_O5lOxrNkCIIRwuNVKVQDLJC_BZ-vl2GV_Bi6H6L0hOltb_8d5obdFU2pvlZNVkBCXqrwfGcoEEQiKzdeDMmH4e0DYH4pvKyif5bLBN3vtL1pG31-3DucLiWloTMo6J4N5hDmFiEip7-8gRYImIlFUs38qZNpNqGYAfwwHkfKCj9Kn7d1y4t0AwXlgqIV-RtZRyL3k2c_QMo5wc4yErw2kcyMCGEmhmI.dA7waso25JZbXw0Zoa-xwbpa4uwdCDvxPqYcCQX1Q-8&dib_tag=se&keywords=iPhone&qid=1790451403&sprefix=iphone%2Caps%2C275&sr=8-13
"Pixel 10 5G (Obsidian, 12GB RAM, 256GB Storage)",https://www.amazon.in/Google-Pixel-Obsidian-256GB-Storage/dp/B0FNPNL2D8/ref=sr_1_14?crid=2QVDK45KZP4DJ&dib=eyJ2IjoiMSJ9.8Qku20ouRKY_O5lOxrNkCIIRwuNVKVQDLJC_BZ-vl2GV_Bi6H6L0hOltb_8d5obdFU2pvlZNVkBCXqrwfGcoEEQiKzdeDMmH4e0DYH4pvKyif5bLBN3vtL1pG31-3DucLiWloTMo6J4N5hDmFiEip7-8gRYImIlFUs38qZNpNqGYAfwwHkfKCj9Kn7d1y4t0AwXlgqIV-RtZRyL3k2c_QMo5wc4yErw2kcyMCGEmhmI.dA7waso25JZbXw0Zoa-xwbpa4uwdCDvxPqYcCQX1Q-8&dib_tag=se&keywords=iPhone&qid=1790451403&sprefix=iphone%2Caps%2C275&sr=8-14
"S2 5G (Sapphire Blue, 8GB RAM, 256GB Storage) | 50MP Sony Camera | 4K Video | 7050 mAh Battery | 3D Curved AMOLED Display | MTK D-7360 Turbo Processor with No Cost EMI/Additional Exchange Offers",https://www.amazon.in/vivo-Sapphire-Processor-Additional-Exchange/dp/B0H99SWYC7/ref=sr_1_15?crid=2QVDK45KZP4DJ&dib=eyJ2IjoiMSJ9.8Qku20ouRKY_O5lOxrNkCIIRwuNVKVQDLJC_BZ-vl2GV_Bi6H6L0hOltb_8d5obdFU2pvlZNVkBCXqrwfGcoEEQiKzdeDMmH4e0DYH4pvKyif5bLBN3vtL1pG31-3DucLiWloTMo6J4N5hDmFiEip7-8gRYImIlFUs38qZNpNqGYAfwwHkfKCj9Kn7d1y4t0AwXlgqIV-RtZRyL3k2c_QMo5wc4yErw2kcyMCGEmhmI.dA7waso25JZbXw0Zoa-xwbpa4uwdCDvxPqYcCQX1Q-8&dib_tag=se&keywords=iPhone&qid=1790451403&sprefix=iphone%2Caps%2C275&sr=8-15
15R | 16GB+512GB | Mint Breeze | World's First Snapdragon® 8 Gen 5 | 7400mAh Battery | Personalised AI | Game-Changing 165Hz Display | IP68 IP69 IP66 & IP69K | 4K 120fps Video,https://www.amazon.in/OnePlus-Snapdragon%C2%AE-7400mAh-Personalised-Game-Changing/dp/B0H3K981XX/ref=sr_1_16?crid=2QVDK45KZP4DJ&dib=eyJ2IjoiMSJ9.8Qku20ouRKY_O5lOxrNkCIIRwuNVKVQDLJC_BZ-vl2GV_Bi6H6L0hOltb_8d5obdFU2pvlZNVkBCXqrwfGcoEEQiKzdeDMmH4e0DYH4pvKyif5bLBN3vtL1pG31-3DucLiWloTMo6J4N5hDmFiEip7-8gRYImIlFUs38qZNpNqGYAfwwHkfKCj9Kn7d1y4t0AwXlgqIV-RtZRyL3k2c_QMo5wc4yErw2kcyMCGEmhmI.dA7waso25JZbXw0Zoa-xwbpa4uwdCDvxPqYcCQX1Q-8&dib_tag=se&keywords=iPhone&qid=1790451403&sprefix=iphone%2Caps%2C275&sr=8-16
"Signature (Martini Olive, 16GB RAM +512GB Storage)",https://www.amazon.in/Motorola-Signature-Martini-Olive-Storage/dp/B0GK9VNL2X/ref=sr_1_17?crid=2QVDK45KZP4DJ&dib=eyJ2IjoiMSJ9.8Qku20ouRKY_O5lOxrNkCIIRwuNVKVQDLJC_BZ-vl2GV_Bi6H6L0hOltb_8d5obdFU2pvlZNVkBCXqrwfGcoEEQiKzdeDMmH4e0DYH4pvKyif5bLBN3vtL1pG31-3DucLiWloTMo6J4N5hDmFiEip7-8gRYImIlFUs38qZNpNqGYAfwwHkfKCj9Kn7d1y4t0AwXlgqIV-RtZRyL3k2c_QMo5wc4yErw2kcyMCGEmhmI.dA7waso25JZbXw0Zoa-xwbpa4uwdCDvxPqYcCQX1Q-8&dib_tag=se&keywords=iPhone&qid=1790451403&sprefix=iphone%2Caps%2C275&sr=8-17
Nord 6 | 12GB+256GB | Fresh Mint | Snapdragon 8s Gen 4 | Segment's First Stable 165FPS Gaming | Segment's Largest 9000mAh Battery | Most Complete IP Rating | Personalized AI,https://www.amazon.in/OnePlus-Snapdragon-Segments-Complete-Personalized/dp/B0GRBHNCTZ/ref=sr_1_18?crid=2QVDK45KZP4DJ&dib=eyJ2IjoiMSJ9.8Qku20ouRKY_O5lOxrNkCIIRwuNVKVQDLJC_BZ-vl2GV_Bi6H6L0hOltb_8d5obdFU2pvlZNVkBCXqrwfGcoEEQiKzdeDMmH4e0DYH4pvKyif5bLBN3vtL1pG31-3DucLiWloTMo6J4N5hDmFiEip7-8gRYImIlFUs38qZNpNqGYAfwwHkfKCj9Kn7d1y4t0AwXlgqIV-RtZRyL3k2c_QMo5wc4yErw2kcyMCGEmhmI.dA7waso25JZbXw0Zoa-xwbpa4uwdCDvxPqYcCQX1Q-8&dib_tag=se&keywords=iPhone&qid=1790451403&sprefix=iphone%2Caps%2C275&sr=8-18
